dedo1,dedo2,dedo3,dedo4,dedo5,mano
4095.0,2897.13,4085.87,166.79,3795.26,4038.57
4095.0,2886.1,4087.7,145.03,3855.21,4049.85
4095.0,2782.48,4089.16,138.42,3903.17,4058.88
4095.0,3002.99,4090.33,175.74,3740.13,4066.11
4095.0,3089.59,4091.26,168.59,3811.11,3972.89
4095.0,3187.07,4092.01,149.67,3768.89,3954.71
4095.0,3251.46,4092.61,149.34,3834.11,3982.77
4095.0,3333.17,4093.09,165.07,3886.29,3912.61
4095.0,3338.93,4093.47,177.46,3928.03,3744.29
4095.0,3271.55,4093.77,181.77,3961.42,3814.43
4095.0,3200.64,4094.02,172.21,3988.14,3870.55
4095.0,3143.31,4094.22,189.37,3993.11,3915.44
4095.0,3001.05,4094.37,181.3,4013.49,3951.35
4095.0,3015.04,4094.5,180.64,4029.79,3980.08
4095.0,2786.03,4094.6,180.51,4042.83,3987.26
4095.0,2596.22,4094.68,183.41,4053.27,3957.61
4095.0,2540.18,4094.74,213.13,4061.61,3940.49
4095.0,2579.74,4094.79,224.9,4068.29,3971.39
4095.0,2696.59,4094.84,212.92,4073.63,3996.11
4095.0,2576.08,4094.87,209.74,4077.91,4015.89
4095.0,2451.46,4094.89,215.99,4081.32,4031.71
4095.0,2342.37,4094.92,332.79,4084.06,4044.37
4095.0,2234.49,4094.93,291.83,4086.25,4054.5
4095.0,2308.4,4094.95,396.27,4088.0,4062.6
4095.0,2268.12,4094.96,390.61,4089.4,4069.08
4095.0,2151.09,4069.17,352.29,4090.52,4074.26
4095.0,2078.27,4074.33,335.43,4091.42,4078.41
4095.0,2257.82,4078.47,303.35,4092.13,4081.73
4095.0,2360.06,4081.77,343.08,4092.71,4084.38
4095.0,2358.84,4084.42,314.86,3955.36,3888.11
4095.0,2706.08,4067.73,318.09,3983.29,3740.88
4095.0,2983.86,4073.19,339.87,3967.23,3728.31
4095.0,3206.09,4077.55,335.9,3992.79,3801.65
4095.0,3383.87,4081.04,358.72,3897.63,3860.32
4095.0,3526.1,4083.83,306.77,3886.3,3907.25
4095.0,3524.88,4086.07,288.02,3928.04,3944.8
4095.0,3358.1,4087.85,258.02,3961.43,3871.84
4095.0,3238.28,4089.28,265.61,3988.15,3916.47
4095.0,3102.43,4090.43,228.89,4009.52,3725.38
4095.0,2951.34,4091.34,224.71,4026.61,3508.3
4095.0,2858.27,4092.07,224.77,4040.29,3250.84
4095.0,2804.42,4092.66,237.82,4051.23,3076.87
4095.0,2709.73,4093.13,231.45,4059.99,2957.3
4095.0,2627.59,4093.5,204.56,4066.99,3022.84
4095.0,2555.47,4093.8,302.25,4072.59,3012.07
4095.0,2463.98,4094.04,278.4,4077.07,2979.66
4095.0,2389.78,4094.23,279.32,4080.66,3012.53
4095.0,2357.82,4094.39,261.86,4083.53,3052.62
4095.0,2360.86,4094.51,243.68,4085.82,3078.9
4095.0,2386.89,4094.61,258.75,4087.66,3123.32
4095.0,2335.11,4094.69,241.8,4089.13,3010.45
4095.0,2331.89,4094.75,248.44,4090.3,2914.96
4095.0,2361.31,4094.8,224.95,4091.24,2837.97
4095.0,2362.25,4094.84,227.56,4091.99,2717.98
4095.0,2320.6,4094.87,242.65,4092.59,2513.78
4095.0,2237.28,4094.9,244.72,4093.08,2313.23
4095.0,2078.42,3810.32,246.98,4093.46,2255.18
4095.0,1959.34,3867.25,258.38,4093.77,2133.34
4095.0,1931.27,3592.8,266.9,4094.01,1966.88
4095.0,1877.62,3517.44,276.52,4094.21,1828.9
4095.0,1854.29,3165.75,293.42,4094.37,1789.92
4095.0,1771.43,2913.8,307.13,4094.5,1783.54
4095.0,1754.15,2925.04,344.71,4094.6,1671.83
4095.0,1718.12,2751.83,377.97,4094.68,1644.46
4095.0,1719.89,2654.27,404.57,4094.74,1576.77
4095.0,1702.72,2308.61,444.86,4094.79,1566.62
4095.0,1701.97,2053.09,443.49,4094.83,1568.69
4095.0,1696.38,1860.27,469.39,4094.87,1587.35
4095.0,1686.3,1739.22,528.91,4094.89,1618.68
4095.0,1684.04,1741.37,554.53,4094.92,1591.15
4095.0,1715.63,1632.7,609.02,3919.13,1519.72
4095.0,1647.31,1610.16,610.22,3819.51,1676.37
4095.0,1612.05,1581.93,625.97,3711.4,1711.7
4095.0,1596.64,1518.14,614.78,3691.92,1857.16
4095.0,1564.91,1544.31,668.42,3761.94,1934.13
4095.0,1556.13,1564.05,706.34,3828.55,1875.1
4095.0,1607.9,1875.84,738.67,3852.64,1862.28
4095.0,1590.32,1783.87,753.74,3772.91,1762.83
4095.0,1553.26,1723.7,791.79,3571.53,1841.06
4095.0,1476.21,1695.76,832.43,3554.82,1746.25
4095.0,1507.16,1705.41,863.95,3662.86,1611.4
4095.0,1451.93,1744.73,873.36,3265.29,1645.72
4095.0,1380.95,1795.58,902.49,3033.63,1658.98
4095.0,1354.56,1748.66,936.79,2961.1,1638.18
4095.0,1300.65,1654.33,924.83,2801.28,1598.94
4095.0,1248.52,1792.47,909.66,2642.23,1525.56
4035.4,1136.41,1806.17,941.53,2555.58,1531.64
4037.52,1147.53,1844.74,986.83,2414.46,1565.72
3982.82,1124.22,1920.39,1014.66,2287.57,1583.17
3996.45,1111.98,2057.51,978.53,2170.66,1578.34
3842.36,1162.18,2049.01,1015.02,2318.33,1497.07
3892.89,1136.35,2002.01,1033.22,2483.86,1459.46
3808.11,1163.68,1982.21,1067.77,2294.09,1452.36
3635.09,1100.54,1902.56,1037.02,2162.47,1414.69
3447.07,1083.03,1820.65,1047.22,2239.98,1400.75
3310.66,944.03,1761.52,1003.17,2121.78,1357.4
3181.53,971.02,1775.42,1026.74,2241.03,1377.12
3065.62,1035.82,1843.33,1004.39,2379.82,1355.1
2913.1,1010.45,1823.47,1039.31,2285.66,1421.08
2894.28,1064.36,1808.77,1031.05,2265.52,1453.66
2768.02,1085.69,1827.62,1029.44,2147.42,1406.13
2675.22,917.15,1753.1,1051.95,2073.74,1390.5
2584.97,907.12,1855.08,1079.56,1923.19,1379.4
2594.78,1123.7,1887.66,1065.45,1814.15,1419.92
2596.22,952.36,1820.93,1029.36,1793.32,1311.94
2791.98,1117.09,1811.94,1069.49,1721.26,1298.15
3052.58,1330.07,1907.15,1052.19,1706.41,1316.92
3261.07,1145.86,2020.92,1062.55,1657.72,1298.74
3427.85,1053.48,1952.34,1081.04,1616.38,1271.59
3487.88,1086.99,1935.27,1078.03,1559.7,1261.47
3609.31,1011.39,1868.42,1116.43,1545.36,1242.78
3706.44,981.51,1933.13,1111.34,1604.89,1243.82
3784.16,926.01,2009.51,1125.87,1775.31,1210.46
3755.92,874.61,1992.61,1105.3,1811.65,1190.57
3748.14,882.89,2019.48,1099.64,1778.52,1160.45
3817.51,878.91,2187.99,1132.11,1841.82,1128.16
3725.41,797.93,2310.39,1130.69,1882.05,1162.13
3671.53,813.34,2181.11,1165.95,1856.64,1159.9
3500.22,746.27,2131.09,1181.36,1860.31,1126.52
3439.98,808.62,2171.87,1211.89,1887.25,1117.82
3570.98,918.89,2309.9,1235.71,1885.4,1119.05
3437.19,916.52,2385.92,1246.77,1862.12,1032.64
3558.75,870.81,2356.93,1227.42,1875.5,958.52
3653.2,885.45,2348.95,1234.73,1863.8,868.61
3393.96,859.76,2465.16,1245.39,1836.84,813.89
3334.17,837.01,2628.33,1251.91,1771.27,829.31
3201.93,856.61,2541.66,1235.13,1739.62,897.05
3143.95,804.29,2513.73,1243.1,1695.69,865.24
3167.96,771.03,2599.78,1244.08,1765.75,922.99
2983.17,818.62,2714.83,1223.06,1743.6,965.59
3064.33,787.9,2662.86,1239.05,1789.48,893.87
3232.27,814.52,2573.89,1257.84,1803.99,777.5
3386.41,757.21,2498.51,1271.87,1804.79,675.6
3528.13,882.77,2461.61,1229.3,1743.63,589.48
3641.5,930.82,2478.09,1208.44,1714.9,510.18
3732.2,801.25,2570.87,1199.95,1697.12,607.35
3661.56,772.6,2533.9,1197.36,1687.5,570.48
3748.25,714.08,2552.32,1220.49,1692.4,522.98
3817.6,652.27,2611.45,1237.59,1670.52,477.99
3800.88,561.81,2473.16,1239.87,1593.62,431.59
3670.1,621.45,2384.93,1219.5,1577.89,406.87
3568.28,639.36,2612.94,1197.0,1512.11,436.3
3558.63,607.29,2613.16,1164.6,1512.49,354.64
3490.1,604.23,2646.92,1142.48,1451.99,388.91
3519.28,696.78,2694.74,1147.58,1450.19,384.73
3284.82,748.23,2698.59,1154.67,1478.76,323.78
3255.06,723.78,2977.87,1134.93,1476.2,380.03
3102.25,852.03,2750.3,1109.35,1421.16,438.42
3021.2,851.22,2738.44,1120.28,1532.93,366.74
3029.56,760.18,2878.35,1157.62,1493.74,352.99
2902.65,762.94,3121.68,1184.7,1566.8,322.79
2907.72,793.75,3000.14,1172.76,1560.44,289.03
2875.37,707.4,2909.52,1193.21,1571.35,286.83
2725.7,749.92,3097.61,1158.97,1556.48,290.26
2627.76,715.74,3083.09,1131.57,1524.18,327.81
2463.81,719.19,3089.87,1109.86,1519.95,410.05
2388.45,888.75,2977.1,1133.29,1537.16,522.84
2312.96,831.6,3079.68,1132.63,1603.33,452.27
2265.77,770.88,3091.14,1124.5,1610.26,390.02
2269.41,717.1,2984.71,1148.8,1649.41,516.61
2169.13,667.88,3041.57,1168.64,1623.53,550.89
2113.9,653.71,3081.66,1168.71,1621.02,497.11
2063.72,605.57,2929.33,1185.97,1607.42,515.89
1987.78,586.65,2985.86,1155.58,1552.33,576.91
1939.42,542.32,2887.89,1134.46,1467.27,482.13
1853.14,472.26,2806.11,1099.57,1461.41,418.1
1845.11,474.41,2808.29,1119.66,1411.33,439.68
1801.49,489.52,2811.23,1129.52,1353.66,482.75
1776.99,485.22,2756.78,1096.82,1356.73,465.0
1753.19,495.78,2832.23,1135.46,1309.39,450.0
1769.55,448.62,2819.58,1125.16,1319.31,366.8
1834.84,484.3,2753.07,1090.73,1346.65,520.64
1849.67,493.64,2696.25,1086.19,1325.92,572.91
1833.94,491.71,2674.4,1032.95,1296.93,487.73
1978.95,478.77,2720.72,996.96,1239.95,412.78
2005.56,511.61,2806.98,974.97,1354.36,516.03
2017.65,763.69,2827.78,964.37,1413.09,442.82
1945.52,653.55,2926.03,937.9,1391.87,455.46
1852.22,628.44,3023.82,914.92,1484.9,365.37
1798.17,579.55,2902.46,894.14,1521.12,308.49
1706.34,518.04,2845.56,900.51,1410.09,345.99
1703.27,497.63,2764.85,868.81,1476.87,337.6
1641.22,494.51,2721.28,888.85,1488.1,292.48
1569.57,508.61,2683.82,851.28,1386.88,281.58
1566.66,474.28,2626.86,863.02,1413.9,252.06
1559.33,523.03,2621.29,840.22,1404.52,352.25
1536.86,467.62,2661.63,796.97,1423.62,285.0
1530.49,454.1,2637.1,777.78,1465.69,295.2
1536.79,446.68,2586.88,724.42,1443.56,287.16
1495.23,469.34,2451.31,701.94,1461.44,267.13
1464.79,431.07,2528.45,645.55,1511.76,234.7
1462.43,431.46,2616.76,615.04,1545.6,199.96
1449.34,418.77,2590.41,589.43,1515.88,266.17
1446.67,400.01,2534.92,547.35,1537.31,228.74
1417.94,387.21,2387.34,538.08,1463.65,214.59
1562.95,517.57,2383.87,531.86,1535.32,253.87
1497.56,513.66,2298.5,479.89,1566.05,317.3
1449.05,506.52,2502.0,422.11,1569.24,275.64
1438.64,466.02,2500.8,376.69,1549.99,279.11
1411.51,497.42,2323.24,317.15,1505.4,237.49
1457.41,476.33,2296.99,317.92,1452.92,205.99
1420.93,572.07,2309.79,348.14,1370.13,234.19
1448.14,510.05,2277.63,357.91,1352.51,241.75
1463.51,507.24,2337.91,317.73,1397.21,235.4
1327.81,479.39,2299.73,286.78,1338.56,214.12
1430.85,497.71,2517.58,236.83,1305.45,205.1
1357.88,468.57,2465.26,254.46,1261.96,184.28
1292.5,573.66,2371.81,260.97,1329.77,188.22
1307.6,538.33,2230.25,241.57,1370.82,169.58
1285.08,479.46,2222.6,225.66,1413.45,196.46
1218.67,476.17,2200.48,247.33,1419.36,263.97
1191.53,462.13,2192.98,230.26,1451.29,287.98
1301.03,497.51,2207.79,307.81,1445.63,345.38
1299.22,491.41,2187.63,287.25,1498.71,388.5
1261.58,468.13,2158.3,256.0,1394.16,354.2
1230.06,493.9,2150.44,254.8,1431.13,338.56
1254.65,589.32,2001.35,264.04,1442.51,377.85
1131.72,592.06,1908.08,228.23,1459.2,390.08
1074.98,563.24,1960.27,211.38,1445.36,423.06
1078.78,609.6,1886.81,214.31,1440.09,486.85
1152.82,765.08,1924.25,195.85,1428.07,536.08
1309.26,749.26,1830.4,182.88,1492.46,575.46
1279.01,712.41,1828.52,167.5,1475.77,619.77
1156.61,685.13,1761.02,161.6,1591.61,692.82
1150.08,685.1,1769.21,168.68,1580.29,769.05
1171.47,679.28,1872.77,160.94,1524.23,815.04
1126.97,722.83,1801.02,163.96,1568.19,849.23
1119.78,751.26,1824.21,171.96,1524.55,865.39
1110.02,691.61,1694.17,166.97,1457.04,923.71
1041.62,714.29,1748.94,168.98,1528.63,937.37
1086.5,661.03,1668.15,171.78,1457.9,981.29
1030.6,817.82,1669.12,207.83,1394.72,996.24
972.48,869.26,1678.1,250.06,1414.38,1001.19
973.38,827.01,1597.48,239.85,1364.5,978.35
1091.31,798.21,1730.98,232.28,1428.2,962.48
1028.04,743.16,1879.38,287.42,1420.76,980.18
1096.24,707.93,1830.51,242.34,1461.81,1007.75
1148.99,728.95,1976.01,239.67,1455.25,1020.4
1219.99,729.56,2262.21,232.14,1349.4,1050.32
1211.39,715.05,2303.96,219.71,1355.12,1093.05
1304.51,730.24,2453.97,224.37,1279.89,1119.44
1328.41,698.99,2686.98,194.49,1308.92,1101.76
1319.13,714.79,2943.38,183.4,1313.13,1132.2
1215.7,722.23,3173.71,192.52,1304.51,1134.16
1250.96,713.19,3357.96,255.01,1326.8,1092.53
1248.17,771.95,3505.37,243.81,1301.64,1074.22
1239.34,761.76,3623.3,217.65,1265.92,1081.58
1194.87,714.01,3717.64,196.92,1229.33,1127.46
1144.5,678.01,3663.31,176.13,1232.67,1163.97
1074.6,664.0,3749.65,163.91,1303.53,1152.58
1286.88,637.2,3818.72,158.93,1321.83,1160.66
1334.1,627.76,3873.97,152.74,1361.06,1122.33
1288.68,637.41,3918.18,152.79,1361.85,1126.86
1275.15,700.93,3953.54,145.03,1413.68,1120.49
1202.72,662.94,3981.84,148.63,1415.54,1119.39
1362.77,668.95,4004.47,141.3,1461.83,1171.71
1248.42,673.16,4022.57,203.84,1532.87,1212.17
1046.33,740.73,4037.06,195.27,1526.69,1299.34
1031.87,762.18,4048.65,200.42,1510.56,1305.07
967.69,729.55,4057.92,214.73,1582.84,1418.86
901.96,807.84,4065.33,201.99,1509.88,1303.48
881.76,758.27,4071.27,235.19,1449.7,1211.59
981.41,730.22,4076.01,258.95,1442.36,1225.27
950.33,729.37,4079.81,248.96,1495.09,1232.62
888.66,830.5,4082.85,301.37,1497.67,1334.29
963.13,781.0,4085.28,275.1,1534.14,1333.03
911.5,754.8,4087.22,306.48,1521.11,1299.03
988.6,746.04,4088.78,313.78,1510.09,1337.42
1037.48,724.63,4090.02,375.02,1547.47,1271.74
1095.59,735.51,4091.02,348.02,1532.78,1245.39
1269.87,707.0,4091.81,299.02,1516.42,1403.71
1270.9,664.8,4092.45,286.61,1479.34,1375.17
1304.92,611.24,4092.96,293.49,1391.87,1404.14
1299.93,681.79,4093.37,263.99,1459.1,1393.31
1294.95,650.84,4014.7,272.19,1366.88,1492.05
1262.76,632.47,4030.76,268.95,1349.9,1489.04
1253.41,634.37,4043.6,341.96,1342.92,1520.23
1262.12,589.5,4053.88,388.37,1434.14,1590.58
1355.7,538.4,4062.11,416.5,1361.11,1680.87
1420.96,491.52,3951.69,368.4,1264.89,1650.69
1443.77,531.22,3980.35,328.12,1336.11,1781.35
1438.01,602.77,4003.28,373.89,1370.49,1933.88
1427.61,635.42,4021.62,399.92,1435.19,1809.71
1398.49,574.33,4036.3,373.13,1448.35,1811.77
1470.19,547.87,4048.04,365.71,1417.88,1769.41
1518.95,605.29,4057.43,334.16,1469.31,1688.53
1584.36,560.44,4057.54,315.33,1402.64,1696.02
1583.69,538.55,4065.04,295.87,1445.72,1621.22
1645.15,595.24,4071.03,257.29,1435.17,1556.18
1697.52,540.19,4075.82,263.43,1475.54,1596.94
1728.42,496.15,4079.66,262.35,1506.03,1614.15
1646.13,537.52,4082.73,230.08,1455.62,1675.72
1603.51,572.82,4085.18,392.06,1417.5,1621.58
1559.01,556.05,4087.15,374.45,1441.0,1559.06
1489.6,554.64,4088.72,347.76,1418.4,1562.05
1576.08,545.51,4011.17,323.61,1446.32,1538.24
1590.27,498.01,4027.94,302.49,1429.66,1517.79
1608.61,558.41,4041.35,293.19,1482.52,1421.63
1591.09,607.13,4052.08,288.95,1531.22,1475.71
1689.07,538.1,4060.66,302.76,1513.98,1420.37
1706.06,501.28,4067.53,306.21,1518.18,1359.29
1721.05,524.03,4073.03,293.57,1500.74,1318.83
1669.24,599.82,3942.62,333.65,1554.6,1369.47
1730.79,561.26,3973.1,347.32,1528.28,1369.77
1695.43,541.0,3997.48,324.86,1490.02,1416.22
1747.95,487.2,4016.98,291.09,1467.42,1328.58
1772.16,474.96,4032.59,299.87,1435.13,1241.66
1806.32,467.37,4045.07,294.3,1421.11,1201.13
1775.26,444.9,4055.05,295.24,1396.09,1162.7
1828.41,636.52,4063.04,261.79,1407.47,1221.16
1881.33,666.01,4069.44,245.63,1395.37,1247.93
1841.26,608.01,4074.55,282.31,1347.7,1232.14
1810.41,578.81,4078.64,269.24,1292.56,1174.52
1819.93,564.25,4081.91,292.8,1373.45,1102.21
1790.14,603.2,4084.53,280.84,1448.76,1115.37
1836.71,589.96,4086.62,326.87,1395.41,1112.5
1768.37,540.97,4088.3,399.3,1498.13,1073.0
1790.1,530.17,4089.64,351.04,1403.1,1110.8
1790.28,618.34,4090.71,370.63,1470.88,1044.44
1736.22,678.47,4091.57,469.7,1537.9,986.15
1705.78,698.38,4092.26,405.16,1484.92,926.12
1690.82,695.7,4092.8,367.73,1524.14,932.7
1621.26,715.96,4093.24,344.38,1460.11,947.96
1648.81,947.17,4093.59,385.71,1453.49,972.37
1799.04,857.14,4021.08,349.57,1465.19,953.89
1720.84,912.31,3861.86,316.05,1541.55,923.51
1635.27,984.25,3650.49,352.24,1636.24,975.61
1640.81,958.2,3452.79,419.79,1644.99,982.09
1740.45,961.96,3428.23,435.63,1640.4,985.07
1865.56,950.37,3331.19,418.11,1695.12,979.66
1870.05,866.29,3212.75,473.49,1671.69,1029.33
1947.24,804.83,3389.2,431.39,1695.95,1130.46
2027.59,1090.47,3530.36,525.51,1680.76,1163.17
2076.07,1143.97,3643.29,519.61,1776.61,1245.33
2166.66,1380.38,3733.63,497.49,1708.29,1381.47
2231.13,1292.3,3805.9,433.19,1734.43,1464.57
2306.1,1267.84,3863.72,496.15,1764.54,1478.66
2451.88,1235.87,3909.98,487.92,1809.64,1596.33
2554.9,1254.1,3946.98,466.14,1789.71,1908.46
2783.12,1192.48,3976.59,474.71,1755.57,2077.37
2872.5,1100.98,3998.67,535.17,1705.25,2369.1
3027.0,1011.99,3895.33,482.33,1604.8,2619.88
2949.0,987.79,3904.47,447.07,1637.04,2689.3
3015.2,1035.23,3942.57,459.05,1582.03,2774.24
3086.16,1013.39,3901.66,465.44,1560.03,2935.99
3071.73,881.71,3656.33,449.75,1504.22,3038.99
2996.78,904.37,3489.26,528.0,1552.58,3250.2
2817.23,922.89,3610.41,529.0,1647.66,3198.56
2679.38,1142.11,3707.33,653.6,1647.73,3377.84
2626.1,1055.69,3486.86,633.48,1713.58,3521.28
2549.28,1060.35,3608.49,645.59,1690.27,3530.22
2458.03,1130.28,3705.79,670.87,1672.81,3643.18
2292.62,1020.83,3632.83,671.09,1682.05,3490.14
2216.9,1034.66,3725.27,712.88,1554.04,3610.31
2243.72,1267.93,3799.21,753.3,1594.23,3654.45
2214.77,1242.74,3858.37,767.84,1624.39,3742.56
2253.62,1232.59,3905.7,827.67,1648.71,3756.65
2281.7,1324.08,3943.56,870.34,1656.97,3824.32
2110.16,1366.26,3973.85,898.87,1690.77,3795.05
2133.13,1218.81,3986.48,953.1,1740.22,3855.04
1991.7,1073.05,3948.18,997.68,1793.18,3903.03
1939.96,1093.64,3977.54,1018.54,1787.14,3842.23
1844.17,1051.91,4001.04,1063.43,1836.71,3892.78
1936.13,1029.73,4019.83,1081.75,1999.17,3933.23
1917.51,1105.18,3941.46,1140.4,2003.54,3962.58
1892.21,976.95,3937.57,1174.32,2176.63,3989.06
1877.96,966.96,3788.86,1188.25,2103.5,4000.85
1847.97,1059.57,3661.08,1243.2,2140.8,4019.68
1746.18,970.45,3747.87,1217.16,2301.24,4034.74
1757.74,958.36,3775.89,1257.13,2317.59,4027.2
1678.99,1013.09,3839.72,1295.5,2284.67,4040.76
1685.4,941.67,3890.77,1317.4,2275.74,4051.61
1654.92,857.94,3931.62,1319.72,2142.99,3933.88
1653.93,938.95,3964.29,1380.38,2037.79,3821.31
1722.95,932.36,3777.64,1382.7,2025.63,3876.05
1768.56,948.89,3820.11,1383.56,1935.51,3735.84
1694.65,910.91,3737.89,1420.85,1919.81,3647.67
1647.92,1009.53,3661.91,1469.48,1830.84,3737.14
1579.53,1086.82,3693.53,1524.18,1758.08,3808.71
1529.43,988.86,3502.22,1615.15,1654.06,3865.97
1565.34,1271.89,3410.58,1676.12,1546.05,3911.77
1537.07,1209.51,3352.46,1767.09,1503.64,3948.42
1463.06,1162.81,3219.57,1797.48,1503.71,3977.73
1468.05,1108.05,3139.26,1841.38,1710.37,4001.19
1464.64,1110.04,2983.8,1837.9,1667.9,4019.95
1418.51,1137.03,2815.64,1887.52,1666.52,4034.96
1389.61,1128.22,2721.11,1877.02,1646.81,4046.97
1402.89,1155.38,2606.69,1856.61,1666.25,4056.57
1409.11,1283.1,2440.95,1886.49,1937.4,4064.26
1444.09,1317.68,2348.96,1912.39,2049.12,4070.41
1383.87,1374.15,2355.97,1885.31,1894.7,4075.33
1381.3,1486.52,2181.18,1931.25,1992.56,4079.26
1396.64,1553.81,2182.34,1897.2,1910.65,4082.41
1435.91,1532.85,2094.67,1896.76,1843.12,4084.93
1559.53,1620.28,2061.94,1860.41,1984.29,4086.94
1651.62,1619.82,1944.95,1922.13,1851.23,4088.55
1619.9,1665.86,1953.96,1850.7,2249.39,4089.84
1747.72,1652.69,1869.97,1955.96,2158.11,4090.87
1779.97,1700.75,1844.17,2009.57,2545.49,4091.7
1924.18,1728.2,1756.94,2007.66,2685.39,4092.36
2269.14,1799.16,1681.95,2207.92,2967.31,4092.89
2478.11,1878.33,1604.56,2354.74,3023.45,4093.31
2640.49,1924.26,1536.45,2643.99,2876.36,4093.65
2921.99,1964.61,1604.56,2934.19,3120.09,4093.92
3156.59,1951.49,1533.05,2933.55,3315.07,4094.13
3344.28,1979.79,1483.64,2691.84,3359.06,4094.31
3494.42,2017.23,1363.31,2558.08,3416.65,4094.45
3481.74,2033.19,1778.45,2393.06,3368.72,4094.56
3435.39,2063.55,1630.76,2216.65,3353.97,4094.65
3567.31,2112.24,1647.01,2090.12,3269.18,4094.72
3672.85,2241.39,1535.21,2059.09,3321.14,4094.77
3757.28,2581.71,1481.16,1998.08,3441.51,4094.82
3824.82,2868.97,1422.93,1959.06,3572.21,4094.85
3878.86,3114.18,1445.35,1887.05,3363.57,4094.88
3922.09,3310.34,1685.48,1824.04,3441.86,4094.91
3956.67,3371.67,1442.58,1827.03,3572.48,4094.93
3984.34,3457.14,1371.46,1809.82,3478.19,4094.94
4006.47,3468.51,1282.97,1828.86,3483.35,4094.95
4024.17,3583.81,1245.98,1835.49,3605.68,4094.96
4038.34,3595.25,1191.98,1881.59,3703.54,4094.97
4049.67,3695.2,1101.39,1863.67,3781.84,4094.98
4058.74,3590.56,1002.31,1874.34,3748.87,4094.98
4065.99,3691.45,910.05,1883.67,3753.69,4094.98
4071.79,3772.16,881.24,1983.74,3821.96,4094.99
4076.43,3836.73,866.19,2098.79,3876.56,4094.99
4080.15,3888.38,771.15,2202.63,3920.25,4094.99
4083.12,3929.7,716.92,2327.9,3955.2,4094.99
4085.49,3962.76,745.94,2353.92,3892.76,4094.99
4087.4,3989.21,706.75,2474.14,3933.21,4095.0
4088.92,4010.37,631.4,2471.91,3965.57,4095.0
4047.73,4027.29,614.52,2565.13,3991.45,4095.0
4057.19,4040.84,646.62,2580.1,4012.16,4095.0
4064.75,4051.67,642.29,2569.08,4028.73,4095.0
4070.8,4060.33,626.63,2483.47,4041.98,4095.0
4075.64,3987.87,676.91,2351.97,4052.59,4095.0
4079.51,4003.49,693.33,2308.98,4061.07,4095.0
4082.61,3806.2,670.46,2242.58,4067.86,4095.0
4085.09,3565.36,673.77,2266.67,4073.28,4095.0
4087.07,3424.89,675.01,2383.33,4077.63,4095.0
4088.66,3274.31,677.61,2468.47,4081.1,4095.0
3942.72,3177.65,636.29,2503.17,4083.88,4095.0
3973.18,3044.72,588.83,2639.34,4086.11,4095.0
3856.34,2947.57,634.87,2804.47,4087.88,4095.0
3904.07,2930.46,621.89,2864.38,4089.31,4095.0
3942.26,2893.77,648.71,3110.5,4090.45,4095.0
3972.81,3047.21,661.17,3170.6,4091.36,4095.0
3997.25,2953.57,641.14,3179.48,4092.09,4095.0
4016.8,2946.46,683.11,3362.58,4092.67,4095.0
4032.44,2954.57,636.09,3509.07,4093.13,4095.0
4044.95,3036.25,696.47,3626.25,4093.51,4095.0
4036.36,3248.0,892.98,3564.6,4093.81,4095.0
4048.09,3417.4,928.78,3670.68,4094.04,4095.0
4047.67,3425.12,935.82,3755.55,4094.24,4095.0
4057.14,3559.1,880.66,3823.44,4094.39,4095.0
4064.71,3666.28,816.53,3855.95,4094.51,4095.0
4070.77,3752.02,889.62,3903.76,4094.61,4095.0
4037.41,3820.62,872.9,3942.01,4094.69,4095.0
4033.13,3875.49,819.72,3972.61,4094.75,4095.0
4045.5,3919.4,779.57,3901.68,4094.8,4095.0
4055.4,3954.52,780.06,3940.35,4094.84,4095.0
4063.32,3982.61,735.05,3928.48,4094.87,4095.0
4069.66,3899.89,721.04,3961.78,4094.9,4095.0
4074.73,3721.31,702.03,3988.43,4094.92,4095.0
4078.78,3514.65,598.22,4009.74,4094.93,4095.0
4082.03,3268.32,594.78,4026.79,4094.95,4095.0
4084.62,3121.26,495.22,4040.43,4094.96,4074.0
4086.7,3046.8,450.38,4051.35,4094.97,4078.2
3919.36,3147.64,602.1,3890.28,4094.97,4081.56
3849.09,3250.92,625.28,3931.22,4094.98,4084.25
3723.47,3419.73,574.83,3963.98,4094.98,4086.4
3797.77,3430.19,560.06,3839.38,4094.99,4088.12
3857.22,3563.15,500.65,3890.51,4094.99,4089.49
3882.58,3669.52,441.12,3931.4,4094.99,4090.6
3925.06,3754.61,387.1,3964.12,4094.99,4091.48
3959.05,3822.69,336.08,3990.3,4094.99,4092.18
3986.24,3701.35,289.46,4011.24,4095.0,4092.75
4007.99,3780.08,259.37,3984.59,4095.0,4093.2
4025.39,3843.07,234.09,3986.67,4095.0,4093.56
4039.31,3893.45,209.88,3946.34,4095.0,4093.85
4050.45,3933.76,229.3,3976.07,4095.0,4094.08
4059.36,3966.01,223.84,3983.46,4049.0,4094.26
4066.49,3991.81,214.87,3868.17,4058.2,4094.41
4072.19,4012.45,244.3,3913.53,4065.56,4094.53
4076.75,4028.96,237.04,3882.63,4071.45,4094.62
4080.4,4042.17,196.03,3925.1,4076.16,4094.7
4083.32,4052.73,299.02,3959.08,4079.93,4094.76
4085.66,4061.19,253.22,3986.26,4082.94,4094.81
4087.53,4067.95,212.58,4008.01,4085.35,4094.84
3955.42,3962.16,222.26,4025.41,4087.28,4094.88
3983.34,3988.73,212.61,4039.33,4088.83,4094.9
4002.67,4009.98,196.69,4050.46,4090.06,4094.92
4021.14,4026.99,177.35,4059.37,4091.05,4094.94
3921.51,4040.59,168.68,4066.5,4091.84,4094.95
3839.21,4051.47,151.54,3950.6,4092.47,4094.96
3807.17,4060.18,142.43,3979.48,4092.98,4094.97
3784.93,4067.14,142.55,4002.58,4067.78,4094.97
3639.15,4072.71,130.44,3831.47,4073.23,4094.98
3362.52,4077.17,117.35,3668.57,3984.78,4094.98
3128.01,4080.74,117.48,3626.66,4006.82,4094.99
2952.41,4083.59,127.98,3720.33,4024.46,4094.99
